<?xml version="1.0" encoding="UTF-8"?>
<project-private xmlns="http://www.netbeans.org/ns/project-private/1">
    <editor-bookmarks xmlns="http://www.netbeans.org/ns/editor-bookmarks/2" lastBookmarkId="0"/>
    <open-files xmlns="http://www.netbeans.org/ns/projectui-open-files/2">
        <group>
            <file>file:/D:/BrunoMontoya/JSF%20Ejemplos/FerreteroCosmico3/src/java/Controllers/LogInCase.java</file>
            <file>file:/D:/BrunoMontoya/JSF%20Ejemplos/FerreteroCosmico3/web/Home.xhtml</file>
            <file>file:/D:/BrunoMontoya/JSF%20Ejemplos/FerreteroCosmico3/web/WEB-INF/faces-config.xml</file>
        </group>
    </open-files>
</project-private>
